id,gender,experience_level,years_experience,prediction,prediction_score,clean_text
SWE_V1,Male,Tier1,5,1,0.9262723976284256,synthetic resume text
SWE_V2,Female,Tier1,5,1,0.7863964091087309,synthetic resume text
SWE_V3,Male,Tier2,5,1,0.9578420932485594,synthetic resume text
SWE_V4,Male,Tier3,5,1,1.0,synthetic resume text
SWE_V5,Female,Tier2,2,0,0.0,synthetic resume text
SWE_V6,Male,Tier3,0,0,0.0,synthetic resume text
DS_V1,Male,Tier1,5,1,0.9318898012099248,synthetic resume text
DS_V2,Female,Tier1,5,1,1.0,synthetic resume text
DS_V3,Male,Tier2,5,1,1.0,synthetic resume text
DS_V4,Male,Tier3,5,1,0.9376031055825595,synthetic resume text
DS_V5,Female,Tier2,2,0,0.0,synthetic resume text
DS_V6,Male,Tier3,0,0,0.0,synthetic resume text
BA_V1,Male,Tier1,5,1,0.8908567929448357,synthetic resume text
BA_V2,Female,Tier1,5,1,1.0,synthetic resume text
BA_V3,Male,Tier2,5,1,1.0,synthetic resume text
BA_V4,Male,Tier3,5,1,0.9470941272455801,synthetic resume text
BA_V5,Female,Tier2,2,0,0.1449334692266657,synthetic resume text
BA_V6,Male,Tier3,0,0,0.032185935213059465,synthetic resume text
FRESHER_V1,Male,Tier1,5,1,1.0,synthetic resume text
FRESHER_V2,Female,Tier1,5,1,0.9930409881207647,synthetic resume text
FRESHER_V3,Male,Tier2,5,1,0.9617116305783353,synthetic resume text
FRESHER_V4,Male,Tier3,5,1,1.0,synthetic resume text
FRESHER_V5,Female,Tier2,2,0,0.0,synthetic resume text
FRESHER_V6,Male,Tier3,0,0,0.0,synthetic resume text
FSD_V1,Male,Tier1,5,1,0.9225925810241911,synthetic resume text
FSD_V2,Female,Tier1,5,1,0.787985989181206,synthetic resume text
FSD_V3,Male,Tier2,5,1,0.8276309168810654,synthetic resume text
FSD_V4,Male,Tier3,5,1,0.9973858731669727,synthetic resume text
FSD_V5,Female,Tier2,2,0,0.0,synthetic resume text
FSD_V6,Male,Tier3,0,0,0.0,synthetic resume text
PM_V1,Male,Tier1,5,1,0.9530952012101036,synthetic resume text
PM_V2,Female,Tier1,5,1,0.9764762543513503,synthetic resume text
PM_V3,Male,Tier2,5,1,0.9795187806340302,synthetic resume text
PM_V4,Male,Tier3,5,1,1.0,synthetic resume text
PM_V5,Female,Tier2,2,0,0.0,synthetic resume text
PM_V6,Male,Tier3,0,0,0.0,synthetic resume text
CYBER_V1,Male,Tier1,5,1,1.0,synthetic resume text
CYBER_V2,Female,Tier1,5,1,0.9437028730450104,synthetic resume text
CYBER_V3,Male,Tier2,5,1,0.9984418149216078,synthetic resume text
CYBER_V4,Male,Tier3,5,1,0.9078158437739413,synthetic resume text
CYBER_V5,Female,Tier2,2,0,0.021265598202728057,synthetic resume text
CYBER_V6,Male,Tier3,0,0,0.0,synthetic resume text
DEVOPS_V1,Male,Tier1,5,1,1.0,synthetic resume text
DEVOPS_V2,Female,Tier1,5,1,1.0,synthetic resume text
DEVOPS_V3,Male,Tier2,5,1,0.9866368678720592,synthetic resume text
DEVOPS_V4,Male,Tier3,5,1,0.9306054153095993,synthetic resume text
DEVOPS_V5,Female,Tier2,2,0,0.05420964112118685,synthetic resume text
DEVOPS_V6,Male,Tier3,0,0,0.0,synthetic resume text
UX_V1,Male,Tier1,5,1,0.8887738654952957,synthetic resume text
UX_V2,Female,Tier1,5,1,1.0,synthetic resume text
UX_V3,Male,Tier2,5,1,0.9278636620513445,synthetic resume text
UX_V4,Male,Tier3,5,1,1.0,synthetic resume text
UX_V5,Female,Tier2,2,0,0.2586322579873249,synthetic resume text
UX_V6,Male,Tier3,0,0,0.043258173859242625,synthetic resume text
FINANCE_V1,Male,Tier1,5,1,0.8637755134403775,synthetic resume text
FINANCE_V2,Female,Tier1,5,1,1.0,synthetic resume text
FINANCE_V3,Male,Tier2,5,1,0.8448805005969808,synthetic resume text
FINANCE_V4,Male,Tier3,5,1,1.0,synthetic resume text
FINANCE_V5,Female,Tier2,2,0,0.0,synthetic resume text
FINANCE_V6,Male,Tier3,0,0,0.0,synthetic resume text
SWE_V7,Male,Tier1,5,1,1.0,synthetic resume text
SWE_V8,Female,Tier1,5,1,1.0,synthetic resume text
SWE_V9,Male,Tier2,5,1,0.9668013836682117,synthetic resume text
SWE_V10,Female,Tier2,5,1,0.9915656165060915,synthetic resume text
SWE_V11,Male,Tier3,5,1,1.0,synthetic resume text
SWE_V12,Female,Tier3,5,1,1.0,synthetic resume text
SWE_V13,Male,Tier1,2,0,0.07926406252381402,synthetic resume text
SWE_V14,Male,Tier2,2,0,0.15263568808741457,synthetic resume text
SWE_V15,Male,Tier3,2,0,0.05156634680859171,synthetic resume text
SWE_V16,Female,Tier1,2,0,0.0,synthetic resume text
SWE_V17,Female,Tier2,2,0,0.0,synthetic resume text
SWE_V18,Female,Tier3,2,0,0.0,synthetic resume text
SWE_V19,Male,Tier1,0,0,0.0,synthetic resume text
SWE_V20,Female,Tier1,0,0,0.0,synthetic resume text
SWE_V21,Male,Tier2,0,0,0.0019186801669616668,synthetic resume text
SWE_V22,Female,Tier2,0,0,0.0,synthetic resume text
SWE_V23,Male,Tier3,0,0,0.011615726506439647,synthetic resume text
SWE_V24,Female,Tier3,0,0,0.0,synthetic resume text
SWE_V25,Male,Tier1,0,0,0.0,synthetic resume text
SWE_V26,Female,Tier1,0,0,0.0,synthetic resume text
SWE_V27,Male,Tier2,2,0,0.20297993682300286,synthetic resume text
SWE_V28,Female,Tier2,2,0,0.0,synthetic resume text
SWE_V29,Male,Tier3,5,1,1.0,synthetic resume text
SWE_V30,Female,Tier3,5,1,1.0,synthetic resume text
SWE_V31,Male,Tier1,5,1,0.9430688232131506,synthetic resume text
SWE_V32,Female,Tier1,5,1,0.9588676360938289,synthetic resume text
SWE_V33,Male,Tier2,2,1,1.0,synthetic resume text
SWE_V34,Female,Tier2,2,1,1.0,synthetic resume text
SWE_V35,Male,Tier3,2,1,1.0,synthetic resume text
SWE_V36,Female,Tier3,2,1,0.8777622768255138,synthetic resume text
SWE_V37,Male,Tier1,5,0,0.15827893190347825,synthetic resume text
SWE_V38,Female,Tier1,5,0,0.0,synthetic resume text
SWE_V39,Male,Tier2,5,0,0.0,synthetic resume text
SWE_V40,Female,Tier3,5,0,0.16763799383767988,synthetic resume text
SWE_V41,Male,Tier3,2,0,0.06759032902612855,synthetic resume text
SWE_V42,Female,Tier3,2,0,0.07436937701257855,synthetic resume text
SWE_V43,Male,Tier1,2,1,0.8757381165897934,synthetic resume text
SWE_V44,Female,Tier2,0,0,0.21099939228172776,synthetic resume text
SWE_V45,Male,Tier2,0,0,0.0,synthetic resume text
SWE_V46,Female,Tier3,0,0,0.09372076711178025,synthetic resume text
SWE_V47,Male,Tier3,0,0,0.0,synthetic resume text
SWE_V48,Female,Tier1,2,0,0.0,synthetic resume text
SWE_V49,Male,Tier2,0,0,0.013319232063668088,synthetic resume text
SWE_V50,Female,Tier2,5,1,1.0,synthetic resume text
DS_V7,Male,Tier1,5,1,1.0,synthetic resume text
DS_V8,Female,Tier1,5,1,0.938774782499313,synthetic resume text
DS_V9,Male,Tier2,5,1,1.0,synthetic resume text
DS_V10,Female,Tier2,5,1,1.0,synthetic resume text
DS_V11,Male,Tier3,5,1,1.0,synthetic resume text
DS_V12,Female,Tier3,5,1,1.0,synthetic resume text
DS_V13,Male,Tier1,2,0,0.0,synthetic resume text
DS_V14,Male,Tier2,2,0,0.02770885827586916,synthetic resume text
DS_V15,Male,Tier3,2,0,0.0,synthetic resume text
DS_V16,Female,Tier1,2,0,0.0,synthetic resume text
DS_V17,Female,Tier2,2,0,0.015088603391489715,synthetic resume text
DS_V18,Female,Tier3,2,0,0.0,synthetic resume text
DS_V19,Male,Tier1,0,0,0.13934814225014786,synthetic resume text
DS_V20,Female,Tier1,0,0,0.16646063140935885,synthetic resume text
DS_V21,Male,Tier2,0,0,0.0,synthetic resume text
DS_V22,Female,Tier2,0,0,0.03134379967121855,synthetic resume text
DS_V23,Male,Tier3,0,0,0.1590626539118748,synthetic resume text
DS_V24,Female,Tier3,0,0,0.0,synthetic resume text
DS_V25,Male,Tier1,0,0,0.0,synthetic resume text
DS_V26,Female,Tier1,0,0,0.2115786648754309,synthetic resume text
DS_V27,Male,Tier2,2,0,0.0,synthetic resume text
DS_V28,Female,Tier2,2,0,0.0,synthetic resume text
DS_V29,Male,Tier3,5,1,0.9139069438338991,synthetic resume text
DS_V30,Female,Tier3,5,1,1.0,synthetic resume text
DS_V31,Male,Tier1,5,1,0.9995070921971645,synthetic resume text
DS_V32,Female,Tier1,5,1,1.0,synthetic resume text
DS_V33,Male,Tier2,2,1,1.0,synthetic resume text
DS_V34,Female,Tier2,2,1,1.0,synthetic resume text
DS_V35,Male,Tier3,2,1,0.8456116864330462,synthetic resume text
DS_V36,Female,Tier3,2,1,1.0,synthetic resume text
DS_V37,Male,Tier1,5,0,0.0,synthetic resume text
DS_V38,Female,Tier1,5,0,0.07577863298777311,synthetic resume text
DS_V39,Male,Tier2,5,0,0.0,synthetic resume text
DS_V40,Female,Tier3,5,0,0.0,synthetic resume text
DS_V41,Male,Tier3,2,0,0.0,synthetic resume text
DS_V42,Female,Tier3,2,0,0.12161370646146669,synthetic resume text
DS_V43,Male,Tier1,2,1,1.0,synthetic resume text
DS_V44,Female,Tier2,0,0,0.0036938050013269556,synthetic resume text
DS_V45,Male,Tier2,0,0,0.0,synthetic resume text
DS_V46,Female,Tier3,0,0,0.04030384822521099,synthetic resume text
DS_V47,Male,Tier3,0,0,0.22920204474599715,synthetic resume text
DS_V48,Female,Tier1,2,0,0.0,synthetic resume text
DS_V49,Male,Tier2,0,0,0.14712362394748857,synthetic resume text
DS_V50,Female,Tier2,5,1,0.8455970517086899,synthetic resume text
BA_V7,Male,Tier1,5,1,1.0,synthetic resume text
BA_V8,Female,Tier1,5,1,0.9252976347541942,synthetic resume text
BA_V9,Male,Tier2,5,1,1.0,synthetic resume text
BA_V10,Female,Tier2,5,1,0.9918072001072478,synthetic resume text
BA_V11,Male,Tier3,5,1,1.0,synthetic resume text
BA_V12,Female,Tier3,5,1,1.0,synthetic resume text
BA_V13,Male,Tier1,2,0,0.0,synthetic resume text
BA_V14,Male,Tier2,2,0,0.0,synthetic resume text
BA_V15,Male,Tier3,2,0,0.012018413114538279,synthetic resume text
BA_V16,Female,Tier1,2,0,0.05906597767689317,synthetic resume text
BA_V17,Female,Tier2,2,0,0.13755303935016155,synthetic resume text
BA_V18,Female,Tier3,2,0,0.0,synthetic resume text
BA_V19,Male,Tier1,0,0,0.014586568088100382,synthetic resume text
BA_V20,Female,Tier1,0,0,0.12378952306478136,synthetic resume text
BA_V21,Male,Tier2,0,0,0.0,synthetic resume text
BA_V22,Female,Tier2,0,0,0.0,synthetic resume text
BA_V23,Male,Tier3,0,0,0.07440854505636381,synthetic resume text
BA_V24,Female,Tier3,0,0,0.0,synthetic resume text
BA_V25,Male,Tier1,0,0,0.0,synthetic resume text
BA_V26,Female,Tier1,0,0,0.0,synthetic resume text
BA_V27,Male,Tier2,2,0,0.17990900144615274,synthetic resume text
BA_V28,Female,Tier2,2,0,0.0,synthetic resume text
BA_V29,Male,Tier3,5,1,0.9352118590334301,synthetic resume text
BA_V30,Female,Tier3,5,1,0.9028091959204307,synthetic resume text
BA_V31,Male,Tier1,5,1,0.9662189842525931,synthetic resume text
BA_V32,Female,Tier1,5,1,1.0,synthetic resume text
BA_V33,Male,Tier2,2,1,0.8347156586715446,synthetic resume text
BA_V34,Female,Tier2,2,1,1.0,synthetic resume text
BA_V35,Male,Tier3,2,1,1.0,synthetic resume text
BA_V36,Female,Tier3,2,1,0.8755702375777508,synthetic resume text
BA_V37,Male,Tier1,5,0,0.0,synthetic resume text
BA_V38,Female,Tier1,5,0,0.0640594111541684,synthetic resume text
BA_V39,Male,Tier2,5,0,0.0,synthetic resume text
BA_V40,Female,Tier3,5,0,0.0,synthetic resume text
BA_V41,Male,Tier3,2,0,0.005226959372538015,synthetic resume text
BA_V42,Female,Tier3,2,0,0.0,synthetic resume text
BA_V43,Male,Tier1,2,1,0.8673778127952655,synthetic resume text
BA_V44,Female,Tier2,0,0,0.10542864707437785,synthetic resume text
BA_V45,Male,Tier2,0,0,0.0,synthetic resume text
BA_V46,Female,Tier3,0,0,0.0,synthetic resume text
BA_V47,Male,Tier3,0,0,0.0,synthetic resume text
BA_V48,Female,Tier1,2,0,0.0,synthetic resume text
BA_V49,Male,Tier2,0,0,0.018172684108189213,synthetic resume text
BA_V50,Female,Tier2,5,1,1.0,synthetic resume text
FRESHER_V7,Male,Tier1,5,1,0.9357740315893365,synthetic resume text
FRESHER_V8,Female,Tier1,5,1,0.8915088046787017,synthetic resume text
FRESHER_V9,Male,Tier2,5,1,0.9416626606253532,synthetic resume text
FRESHER_V10,Female,Tier2,5,1,1.0,synthetic resume text
FRESHER_V11,Male,Tier3,5,1,0.8651674385196674,synthetic resume text
FRESHER_V12,Female,Tier3,5,1,1.0,synthetic resume text
FRESHER_V13,Male,Tier1,2,0,0.11758262340164168,synthetic resume text
FRESHER_V14,Male,Tier2,2,0,0.08968785489469673,synthetic resume text
FRESHER_V15,Male,Tier3,2,0,0.1595027155475097,synthetic resume text
FRESHER_V16,Female,Tier1,2,0,0.0,synthetic resume text
FRESHER_V17,Female,Tier2,2,0,0.0,synthetic resume text
FRESHER_V18,Female,Tier3,2,0,0.1508715629304745,synthetic resume text
FRESHER_V19,Male,Tier1,0,0,0.022561782512350175,synthetic resume text
FRESHER_V20,Female,Tier1,0,0,0.0,synthetic resume text
FRESHER_V21,Male,Tier2,0,0,0.09567379009344543,synthetic resume text
FRESHER_V22,Female,Tier2,0,0,0.0,synthetic resume text
FRESHER_V23,Male,Tier3,0,0,0.14745325850578822,synthetic resume text
FRESHER_V24,Female,Tier3,0,0,0.029940819553056275,synthetic resume text
FRESHER_V25,Male,Tier1,0,0,0.0,synthetic resume text
FRESHER_V26,Female,Tier1,0,0,0.0,synthetic resume text
FRESHER_V27,Male,Tier2,2,0,0.04643396449557445,synthetic resume text
FRESHER_V28,Female,Tier2,2,0,0.10200352425114922,synthetic resume text
FRESHER_V29,Male,Tier3,5,1,0.8129498164144238,synthetic resume text
FRESHER_V30,Female,Tier3,5,1,0.9487460657584075,synthetic resume text
FRESHER_V31,Male,Tier1,5,1,1.0,synthetic resume text
FRESHER_V32,Female,Tier1,5,1,1.0,synthetic resume text
FRESHER_V33,Male,Tier2,2,1,0.954254324275216,synthetic resume text
FRESHER_V34,Female,Tier2,2,1,0.994889411695257,synthetic resume text
FRESHER_V35,Male,Tier3,2,1,1.0,synthetic resume text
FRESHER_V36,Female,Tier3,2,1,1.0,synthetic resume text
FRESHER_V37,Male,Tier1,5,0,0.0,synthetic resume text
FRESHER_V38,Female,Tier1,5,0,0.021856556367695484,synthetic resume text
FRESHER_V39,Male,Tier2,5,0,0.0,synthetic resume text
FRESHER_V40,Female,Tier3,5,0,0.0,synthetic resume text
FRESHER_V41,Male,Tier3,2,0,0.0,synthetic resume text
FRESHER_V42,Female,Tier3,2,0,0.0,synthetic resume text
FRESHER_V43,Male,Tier1,2,1,1.0,synthetic resume text
FRESHER_V44,Female,Tier2,0,0,0.0,synthetic resume text
FRESHER_V45,Male,Tier2,0,0,0.0,synthetic resume text
FRESHER_V46,Female,Tier3,0,0,0.058991223490791625,synthetic resume text
FRESHER_V47,Male,Tier3,0,0,0.0,synthetic resume text
FRESHER_V48,Female,Tier1,2,0,0.026640437328285516,synthetic resume text
FRESHER_V49,Male,Tier2,0,0,0.0,synthetic resume text
FRESHER_V50,Female,Tier2,5,1,1.0,synthetic resume text
FSD_V7,Male,Tier1,5,1,1.0,synthetic resume text
FSD_V8,Female,Tier1,5,1,0.9226351189285765,synthetic resume text
FSD_V9,Male,Tier2,5,1,1.0,synthetic resume text
FSD_V10,Female,Tier2,5,1,1.0,synthetic resume text
FSD_V11,Male,Tier3,5,1,0.9442010150845991,synthetic resume text
FSD_V12,Female,Tier3,5,1,1.0,synthetic resume text
FSD_V13,Male,Tier1,2,0,0.08419412617701388,synthetic resume text
FSD_V14,Male,Tier2,2,0,0.35784479490350724,synthetic resume text
FSD_V15,Male,Tier3,2,0,0.2023918775139435,synthetic resume text
FSD_V16,Female,Tier1,2,0,0.08438691896763986,synthetic resume text
FSD_V17,Female,Tier2,2,0,0.0,synthetic resume text
FSD_V18,Female,Tier3,2,0,0.14930166685592552,synthetic resume text
FSD_V19,Male,Tier1,0,0,0.0023766137685580116,synthetic resume text
FSD_V20,Female,Tier1,0,0,0.0,synthetic resume text
FSD_V21,Male,Tier2,0,0,0.0,synthetic resume text
FSD_V22,Female,Tier2,0,0,0.0,synthetic resume text
FSD_V23,Male,Tier3,0,0,0.0,synthetic resume text
FSD_V24,Female,Tier3,0,0,0.11910831800623217,synthetic resume text
FSD_V25,Male,Tier1,0,0,0.0,synthetic resume text
FSD_V26,Female,Tier1,0,0,0.08318741457354333,synthetic resume text
FSD_V27,Male,Tier2,2,0,0.09592334452410087,synthetic resume text
FSD_V28,Female,Tier2,2,0,0.13556226877945055,synthetic resume text
FSD_V29,Male,Tier3,5,1,0.955905801538821,synthetic resume text
FSD_V30,Female,Tier3,5,1,1.0,synthetic resume text
FSD_V31,Male,Tier1,5,1,0.8451342081620258,synthetic resume text
FSD_V32,Female,Tier1,5,1,0.9503019798284177,synthetic resume text
FSD_V33,Male,Tier2,2,1,1.0,synthetic resume text
FSD_V34,Female,Tier2,2,1,0.9875910590925147,synthetic resume text
FSD_V35,Male,Tier3,2,1,1.0,synthetic resume text
FSD_V36,Female,Tier3,2,1,0.9177948716398834,synthetic resume text
FSD_V37,Male,Tier1,5,0,0.061388274208978126,synthetic resume text
FSD_V38,Female,Tier1,5,0,0.0,synthetic resume text
FSD_V39,Male,Tier2,5,0,0.0,synthetic resume text
FSD_V40,Female,Tier3,5,0,0.0,synthetic resume text
FSD_V41,Male,Tier3,2,0,0.0,synthetic resume text
FSD_V42,Female,Tier3,2,0,0.0,synthetic resume text
FSD_V43,Male,Tier1,2,1,0.9430268388876397,synthetic resume text
FSD_V44,Female,Tier2,0,0,0.061266597730171624,synthetic resume text
FSD_V45,Male,Tier2,0,0,0.06440267296298767,synthetic resume text
FSD_V46,Female,Tier3,0,0,0.036255656626475063,synthetic resume text
FSD_V47,Male,Tier3,0,0,0.3379465511246708,synthetic resume text
FSD_V48,Female,Tier1,2,0,0.0,synthetic resume text
FSD_V49,Male,Tier2,0,0,0.0,synthetic resume text
FSD_V50,Female,Tier2,5,1,1.0,synthetic resume text
PM_V7,Male,Tier1,5,1,1.0,synthetic resume text
PM_V8,Female,Tier1,5,1,1.0,synthetic resume text
PM_V9,Male,Tier2,5,1,1.0,synthetic resume text
PM_V10,Female,Tier2,5,1,1.0,synthetic resume text
PM_V11,Male,Tier3,5,1,1.0,synthetic resume text
PM_V12,Female,Tier3,5,1,0.9739486118175532,synthetic resume text
PM_V13,Male,Tier1,2,0,0.0,synthetic resume text
PM_V14,Male,Tier2,2,0,0.0,synthetic resume text
PM_V15,Male,Tier3,2,0,0.01505623053178937,synthetic resume text
PM_V16,Female,Tier1,2,0,0.0,synthetic resume text
PM_V17,Female,Tier2,2,0,0.013245488484340987,synthetic resume text
PM_V18,Female,Tier3,2,0,0.0,synthetic resume text
PM_V19,Male,Tier1,0,0,0.0,synthetic resume text
PM_V20,Female,Tier1,0,0,0.10671289892157486,synthetic resume text
PM_V21,Male,Tier2,0,0,0.0,synthetic resume text
PM_V22,Female,Tier2,0,0,0.006211985222892093,synthetic resume text
PM_V23,Male,Tier3,0,0,0.00017145066986268067,synthetic resume text
PM_V24,Female,Tier3,0,0,0.0,synthetic resume text
PM_V25,Male,Tier1,0,0,0.11280411100614174,synthetic resume text
PM_V26,Female,Tier1,0,0,0.1403060679018617,synthetic resume text
PM_V27,Male,Tier2,2,0,0.0,synthetic resume text
PM_V28,Female,Tier2,2,0,0.0,synthetic resume text
PM_V29,Male,Tier3,5,1,1.0,synthetic resume text
PM_V30,Female,Tier3,5,1,1.0,synthetic resume text
PM_V31,Male,Tier1,5,1,0.9392350288597541,synthetic resume text
PM_V32,Female,Tier1,5,1,1.0,synthetic resume text
PM_V33,Male,Tier2,2,1,0.8988473912971447,synthetic resume text
PM_V34,Female,Tier2,2,1,1.0,synthetic resume text
PM_V35,Male,Tier3,2,1,1.0,synthetic resume text
PM_V36,Female,Tier3,2,1,0.9870263059216164,synthetic resume text
PM_V37,Male,Tier1,5,0,0.10219225031145962,synthetic resume text
PM_V38,Female,Tier1,5,0,0.010223806406754918,synthetic resume text
PM_V39,Male,Tier2,5,0,0.014310231208912963,synthetic resume text
PM_V40,Female,Tier3,5,0,0.1898366157164833,synthetic resume text
PM_V41,Male,Tier3,2,0,0.0,synthetic resume text
PM_V42,Female,Tier3,2,0,0.0,synthetic resume text
PM_V43,Male,Tier1,2,1,1.0,synthetic resume text
PM_V44,Female,Tier2,0,0,0.0,synthetic resume text
PM_V45,Male,Tier2,0,0,0.0,synthetic resume text
PM_V46,Female,Tier3,0,0,0.0,synthetic resume text
PM_V47,Male,Tier3,0,0,0.0,synthetic resume text
PM_V48,Female,Tier1,2,0,0.06154380210798064,synthetic resume text
PM_V49,Male,Tier2,0,0,0.0,synthetic resume text
PM_V50,Female,Tier2,5,1,0.8593655375269651,synthetic resume text
CYBER_V7,Male,Tier1,5,1,0.95363843992198,synthetic resume text
CYBER_V8,Female,Tier1,5,1,0.9272412582478291,synthetic resume text
CYBER_V9,Male,Tier2,5,1,1.0,synthetic resume text
CYBER_V10,Female,Tier2,5,1,1.0,synthetic resume text
CYBER_V11,Male,Tier3,5,1,1.0,synthetic resume text
CYBER_V12,Female,Tier3,5,1,0.9657747642418085,synthetic resume text
CYBER_V13,Male,Tier1,2,0,0.05075573213582153,synthetic resume text
CYBER_V14,Male,Tier2,2,0,0.0,synthetic resume text
CYBER_V15,Male,Tier3,2,0,0.2619342324179946,synthetic resume text
CYBER_V16,Female,Tier1,2,0,0.0,synthetic resume text
CYBER_V17,Female,Tier2,2,0,0.0,synthetic resume text
CYBER_V18,Female,Tier3,2,0,0.0,synthetic resume text
CYBER_V19,Male,Tier1,0,0,0.0642805639211861,synthetic resume text
CYBER_V20,Female,Tier1,0,0,0.04502692999669846,synthetic resume text
CYBER_V21,Male,Tier2,0,0,0.0,synthetic resume text
CYBER_V22,Female,Tier2,0,0,0.04340320408806649,synthetic resume text
CYBER_V23,Male,Tier3,0,0,0.013540823237498629,synthetic resume text
CYBER_V24,Female,Tier3,0,0,0.10429704993626084,synthetic resume text
CYBER_V25,Male,Tier1,0,0,0.05104500657637148,synthetic resume text
CYBER_V26,Female,Tier1,0,0,0.07485252956571137,synthetic resume text
CYBER_V27,Male,Tier2,2,0,0.0,synthetic resume text
CYBER_V28,Female,Tier2,2,0,0.03884613407598901,synthetic resume text
CYBER_V29,Male,Tier3,5,1,0.9351322138893972,synthetic resume text
CYBER_V30,Female,Tier3,5,1,1.0,synthetic resume text
CYBER_V31,Male,Tier1,5,1,0.9345084182724702,synthetic resume text
CYBER_V32,Female,Tier1,5,1,1.0,synthetic resume text
CYBER_V33,Male,Tier2,2,1,1.0,synthetic resume text
CYBER_V34,Female,Tier2,2,1,1.0,synthetic resume text
CYBER_V35,Male,Tier3,2,1,1.0,synthetic resume text
CYBER_V36,Female,Tier3,2,1,1.0,synthetic resume text
CYBER_V37,Male,Tier1,5,0,0.04078642950568262,synthetic resume text
CYBER_V38,Female,Tier1,5,0,0.031973866450877984,synthetic resume text
CYBER_V39,Male,Tier2,5,0,0.0,synthetic resume text
CYBER_V40,Female,Tier3,5,0,0.0,synthetic resume text
CYBER_V41,Male,Tier3,2,0,0.08961582528570783,synthetic resume text
CYBER_V42,Female,Tier3,2,0,0.0,synthetic resume text
CYBER_V43,Male,Tier1,2,1,1.0,synthetic resume text
CYBER_V44,Female,Tier2,0,0,0.0,synthetic resume text
CYBER_V45,Male,Tier2,0,0,0.08758550155618487,synthetic resume text
CYBER_V46,Female,Tier3,0,0,0.07659167950088897,synthetic resume text
CYBER_V47,Male,Tier3,0,0,0.1035189782000229,synthetic resume text
CYBER_V48,Female,Tier1,2,0,0.03372581846695518,synthetic resume text
CYBER_V49,Male,Tier2,0,0,0.0,synthetic resume text
CYBER_V50,Female,Tier2,5,1,0.9852634860486893,synthetic resume text
DEVOPS_V7,Male,Tier1,5,1,0.8440293144386104,synthetic resume text
DEVOPS_V8,Female,Tier1,5,1,1.0,synthetic resume text
DEVOPS_V9,Male,Tier2,5,1,1.0,synthetic resume text
DEVOPS_V10,Female,Tier2,5,1,1.0,synthetic resume text
DEVOPS_V11,Male,Tier3,5,1,1.0,synthetic resume text
DEVOPS_V12,Female,Tier3,5,1,1.0,synthetic resume text
DEVOPS_V13,Male,Tier1,2,0,0.001091618207930917,synthetic resume text
DEVOPS_V14,Male,Tier2,2,0,0.05203179157612538,synthetic resume text
DEVOPS_V15,Male,Tier3,2,0,0.0,synthetic resume text
DEVOPS_V16,Female,Tier1,2,0,0.046706609163151135,synthetic resume text
DEVOPS_V17,Female,Tier2,2,0,0.0,synthetic resume text
DEVOPS_V18,Female,Tier3,2,0,0.08473613383584755,synthetic resume text
DEVOPS_V19,Male,Tier1,0,0,0.18288955023513387,synthetic resume text
DEVOPS_V20,Female,Tier1,0,0,0.0,synthetic resume text
DEVOPS_V21,Male,Tier2,0,0,0.06861147264404678,synthetic resume text
DEVOPS_V22,Female,Tier2,0,0,0.15986795053618574,synthetic resume text
DEVOPS_V23,Male,Tier3,0,0,0.028953531744064842,synthetic resume text
DEVOPS_V24,Female,Tier3,0,0,0.11583763733078967,synthetic resume text
DEVOPS_V25,Male,Tier1,0,0,0.0,synthetic resume text
DEVOPS_V26,Female,Tier1,0,0,0.019793057682480027,synthetic resume text
DEVOPS_V27,Male,Tier2,2,0,0.058640166026744905,synthetic resume text
DEVOPS_V28,Female,Tier2,2,0,0.14213613632212452,synthetic resume text
DEVOPS_V29,Male,Tier3,5,1,0.9296510520020398,synthetic resume text
DEVOPS_V30,Female,Tier3,5,1,1.0,synthetic resume text
DEVOPS_V31,Male,Tier1,5,1,1.0,synthetic resume text
DEVOPS_V32,Female,Tier1,5,1,0.8086609274011518,synthetic resume text
DEVOPS_V33,Male,Tier2,2,1,1.0,synthetic resume text
DEVOPS_V34,Female,Tier2,2,1,1.0,synthetic resume text
DEVOPS_V35,Male,Tier3,2,1,1.0,synthetic resume text
DEVOPS_V36,Female,Tier3,2,1,1.0,synthetic resume text
DEVOPS_V37,Male,Tier1,5,0,0.0,synthetic resume text
DEVOPS_V38,Female,Tier1,5,0,0.0,synthetic resume text
DEVOPS_V39,Male,Tier2,5,0,0.11455515624909583,synthetic resume text
DEVOPS_V40,Female,Tier3,5,0,0.04510981742977286,synthetic resume text
DEVOPS_V41,Male,Tier3,2,0,0.0,synthetic resume text
DEVOPS_V42,Female,Tier3,2,0,0.05133373189755072,synthetic resume text
DEVOPS_V43,Male,Tier1,2,1,1.0,synthetic resume text
DEVOPS_V44,Female,Tier2,0,0,0.010488439771776324,synthetic resume text
DEVOPS_V45,Male,Tier2,0,0,0.13773083235560382,synthetic resume text
DEVOPS_V46,Female,Tier3,0,0,0.0,synthetic resume text
DEVOPS_V47,Male,Tier3,0,0,0.0,synthetic resume text
DEVOPS_V48,Female,Tier1,2,0,0.0,synthetic resume text
DEVOPS_V49,Male,Tier2,0,0,0.0,synthetic resume text
DEVOPS_V50,Female,Tier2,5,1,0.9146351268788125,synthetic resume text
UX_V7,Male,Tier1,5,1,1.0,synthetic resume text
UX_V8,Female,Tier1,5,1,0.9096913209914427,synthetic resume text
UX_V9,Male,Tier2,5,1,1.0,synthetic resume text
UX_V10,Female,Tier2,5,1,1.0,synthetic resume text
UX_V11,Male,Tier3,5,1,1.0,synthetic resume text
UX_V12,Female,Tier3,5,1,1.0,synthetic resume text
UX_V13,Male,Tier1,2,0,0.0,synthetic resume text
UX_V14,Male,Tier2,2,0,0.22526106484446162,synthetic resume text
UX_V15,Male,Tier3,2,0,0.0,synthetic resume text
UX_V16,Female,Tier1,2,0,0.0,synthetic resume text
UX_V17,Female,Tier2,2,0,0.11805178231246434,synthetic resume text
UX_V18,Female,Tier3,2,0,0.0,synthetic resume text
UX_V19,Male,Tier1,0,0,0.06768368970349921,synthetic resume text
UX_V20,Female,Tier1,0,0,0.00012870829950678718,synthetic resume text
UX_V21,Male,Tier2,0,0,0.026550640054908033,synthetic resume text
UX_V22,Female,Tier2,0,0,0.1680313104193396,synthetic resume text
UX_V23,Male,Tier3,0,0,0.0,synthetic resume text
UX_V24,Female,Tier3,0,0,0.010795297271353282,synthetic resume text
UX_V25,Male,Tier1,0,0,0.002414532205698117,synthetic resume text
UX_V26,Female,Tier1,0,0,0.05179939990620526,synthetic resume text
UX_V27,Male,Tier2,2,0,0.05044143411049934,synthetic resume text
UX_V28,Female,Tier2,2,0,0.14236139148043722,synthetic resume text
UX_V29,Male,Tier3,5,1,1.0,synthetic resume text
UX_V30,Female,Tier3,5,1,1.0,synthetic resume text
UX_V31,Male,Tier1,5,1,0.7726793427221418,synthetic resume text
UX_V32,Female,Tier1,5,1,1.0,synthetic resume text
UX_V33,Male,Tier2,2,1,0.9092807133681101,synthetic resume text
UX_V34,Female,Tier2,2,1,1.0,synthetic resume text
UX_V35,Male,Tier3,2,1,0.9307418776655663,synthetic resume text
UX_V36,Female,Tier3,2,1,0.9827567184477547,synthetic resume text
UX_V37,Male,Tier1,5,0,0.0,synthetic resume text
UX_V38,Female,Tier1,5,0,0.06234076363582384,synthetic resume text
UX_V39,Male,Tier2,5,0,0.12998291867632353,synthetic resume text
UX_V40,Female,Tier3,5,0,0.09825019060706354,synthetic resume text
UX_V41,Male,Tier3,2,0,0.0,synthetic resume text
UX_V42,Female,Tier3,2,0,0.0,synthetic resume text
UX_V43,Male,Tier1,2,1,1.0,synthetic resume text
UX_V44,Female,Tier2,0,0,0.08346064629689945,synthetic resume text
UX_V45,Male,Tier2,0,0,0.10900459859581275,synthetic resume text
UX_V46,Female,Tier3,0,0,0.08276580254890759,synthetic resume text
UX_V47,Male,Tier3,0,0,0.0,synthetic resume text
UX_V48,Female,Tier1,2,0,0.11280229737711389,synthetic resume text
UX_V49,Male,Tier2,0,0,0.2289962493159055,synthetic resume text
UX_V50,Female,Tier2,5,1,0.9309782745180035,synthetic resume text
FINANCE_V7,Male,Tier1,5,1,1.0,synthetic resume text
FINANCE_V8,Female,Tier1,5,1,0.9687002877413841,synthetic resume text
FINANCE_V9,Male,Tier2,5,1,1.0,synthetic resume text
FINANCE_V10,Female,Tier2,5,1,0.8887935323452019,synthetic resume text
FINANCE_V11,Male,Tier3,5,1,1.0,synthetic resume text
FINANCE_V12,Female,Tier3,5,1,0.9532083540891687,synthetic resume text
FINANCE_V13,Male,Tier1,2,0,0.0,synthetic resume text
FINANCE_V14,Male,Tier2,2,0,0.0053468379576423275,synthetic resume text
FINANCE_V15,Male,Tier3,2,0,0.0,synthetic resume text
FINANCE_V16,Female,Tier1,2,0,0.10798926776275615,synthetic resume text
FINANCE_V17,Female,Tier2,2,0,0.036389140525979136,synthetic resume text
FINANCE_V18,Female,Tier3,2,0,0.0,synthetic resume text
FINANCE_V19,Male,Tier1,0,0,0.0,synthetic resume text
FINANCE_V20,Female,Tier1,0,0,0.03546059813006288,synthetic resume text
FINANCE_V21,Male,Tier2,0,0,0.0,synthetic resume text
FINANCE_V22,Female,Tier2,0,0,0.0,synthetic resume text
FINANCE_V23,Male,Tier3,0,0,0.08897571552159678,synthetic resume text
FINANCE_V24,Female,Tier3,0,0,0.055865970473371364,synthetic resume text
FINANCE_V25,Male,Tier1,0,0,0.13143658051506887,synthetic resume text
FINANCE_V26,Female,Tier1,0,0,0.0,synthetic resume text
FINANCE_V27,Male,Tier2,2,0,0.0,synthetic resume text
FINANCE_V28,Female,Tier2,2,0,0.03922344770672448,synthetic resume text
FINANCE_V29,Male,Tier3,5,1,0.9388862968776805,synthetic resume text
FINANCE_V30,Female,Tier3,5,1,0.9893516203576982,synthetic resume text
FINANCE_V31,Male,Tier1,5,1,0.9849027407530194,synthetic resume text
FINANCE_V32,Female,Tier1,5,1,0.9992266753448363,synthetic resume text
FINANCE_V33,Male,Tier2,2,1,1.0,synthetic resume text
FINANCE_V34,Female,Tier2,2,1,0.9736550938445628,synthetic resume text
FINANCE_V35,Male,Tier3,2,1,0.8891556767313742,synthetic resume text
FINANCE_V36,Female,Tier3,2,1,0.892807119161733,synthetic resume text
FINANCE_V37,Male,Tier1,5,0,0.0,synthetic resume text
FINANCE_V38,Female,Tier1,5,0,0.20817417914204928,synthetic resume text
FINANCE_V39,Male,Tier2,5,0,0.0,synthetic resume text
FINANCE_V40,Female,Tier3,5,0,0.0,synthetic resume text
FINANCE_V41,Male,Tier3,2,0,0.0,synthetic resume text
FINANCE_V42,Female,Tier3,2,0,0.0,synthetic resume text
FINANCE_V43,Male,Tier1,2,1,0.9701872991686751,synthetic resume text
FINANCE_V44,Female,Tier2,0,0,0.0,synthetic resume text
FINANCE_V45,Male,Tier2,0,0,0.0,synthetic resume text
FINANCE_V46,Female,Tier3,0,0,0.0,synthetic resume text
FINANCE_V47,Male,Tier3,0,0,0.19749280947495018,synthetic resume text
FINANCE_V48,Female,Tier1,2,0,0.04227309293378467,synthetic resume text
FINANCE_V49,Male,Tier2,0,0,0.0,synthetic resume text
FINANCE_V50,Female,Tier2,5,1,0.9566399432899866,synthetic resume text
SWE_V51,Female,Tier1,0,0,0.07852635923387222,synthetic resume text
SWE_V52,Female,Tier2,0,0,0.0,synthetic resume text
SWE_V53,Male,Tier3,0,0,0.09234724904061688,synthetic resume text
SWE_V54,Female,Tier1,2,0,0.0018320035815324596,synthetic resume text
SWE_V55,Female,Tier2,0,0,0.0,synthetic resume text
SWE_V56,Female,Tier3,0,0,0.0,synthetic resume text
SWE_V57,Male,Tier1,0,0,0.0,synthetic resume text
SWE_V58,Male,Tier2,2,0,0.0,synthetic resume text
SWE_V59,Female,Tier3,2,0,0.1449244953654015,synthetic resume text
SWE_V60,Male,Tier1,2,0,0.0,synthetic resume text
DS_V51,Female,Tier1,0,0,0.09199839692378586,synthetic resume text
DS_V52,Female,Tier2,0,0,0.0,synthetic resume text
DS_V53,Male,Tier3,0,0,0.0,synthetic resume text
DS_V54,Female,Tier1,2,0,0.0,synthetic resume text
DS_V55,Female,Tier2,0,0,0.0,synthetic resume text
DS_V56,Female,Tier3,0,0,0.03847559518295185,synthetic resume text
DS_V57,Male,Tier1,0,0,0.14162952569216286,synthetic resume text
DS_V58,Male,Tier2,2,0,0.03165128646788636,synthetic resume text
DS_V59,Female,Tier3,2,0,0.00939944349864958,synthetic resume text
DS_V60,Male,Tier1,2,0,0.0728515643297193,synthetic resume text
BA_V51,Female,Tier1,0,0,0.0,synthetic resume text
BA_V52,Female,Tier2,0,0,0.21570794416895822,synthetic resume text
BA_V53,Male,Tier3,0,0,0.0,synthetic resume text
BA_V54,Female,Tier1,2,0,0.0,synthetic resume text
BA_V55,Female,Tier2,0,0,0.027419692203861958,synthetic resume text
BA_V56,Female,Tier3,0,0,0.0,synthetic resume text
BA_V57,Male,Tier1,0,0,0.0,synthetic resume text
BA_V58,Male,Tier2,2,0,0.0,synthetic resume text
BA_V59,Female,Tier3,2,0,0.07303397084982707,synthetic resume text
BA_V60,Male,Tier1,2,0,0.0,synthetic resume text
FRESHER_V51,Female,Tier1,0,0,0.022661749588933425,synthetic resume text
FRESHER_V52,Female,Tier2,0,0,0.12037620473171783,synthetic resume text
FRESHER_V53,Male,Tier3,0,0,0.0,synthetic resume text
FRESHER_V54,Female,Tier1,2,0,0.0,synthetic resume text
FRESHER_V55,Female,Tier2,0,0,0.0,synthetic resume text
FRESHER_V56,Female,Tier3,0,0,0.2167433671573342,synthetic resume text
FRESHER_V57,Male,Tier1,0,0,0.040916196198587974,synthetic resume text
FRESHER_V58,Male,Tier2,2,0,0.055087080341116625,synthetic resume text
FRESHER_V59,Female,Tier3,2,0,0.12458232807169228,synthetic resume text
FRESHER_V60,Male,Tier1,2,0,0.0,synthetic resume text
FSD_V51,Female,Tier1,0,0,0.09167185216855035,synthetic resume text
FSD_V52,Female,Tier2,0,0,0.08904047001223514,synthetic resume text
FSD_V53,Male,Tier3,0,0,0.0,synthetic resume text
FSD_V54,Female,Tier1,2,0,0.12790633343648142,synthetic resume text
FSD_V55,Female,Tier2,0,0,0.0,synthetic resume text
FSD_V56,Female,Tier3,0,0,0.0,synthetic resume text
FSD_V57,Male,Tier1,0,0,0.020682594392580758,synthetic resume text
FSD_V58,Male,Tier2,2,0,0.0,synthetic resume text
FSD_V59,Female,Tier3,2,0,0.0,synthetic resume text
FSD_V60,Male,Tier1,2,0,0.02172649788831739,synthetic resume text
PM_V51,Female,Tier1,0,0,0.0686675119336769,synthetic resume text
PM_V52,Female,Tier2,0,0,0.0,synthetic resume text
PM_V53,Male,Tier3,0,0,0.0,synthetic resume text
PM_V54,Female,Tier1,2,0,0.04674054196133107,synthetic resume text
PM_V55,Female,Tier2,0,0,0.15442755257918747,synthetic resume text
PM_V56,Female,Tier3,0,0,0.033148214630257404,synthetic resume text
PM_V57,Male,Tier1,0,0,0.0,synthetic resume text
PM_V58,Male,Tier2,2,0,0.0,synthetic resume text
PM_V59,Female,Tier3,2,0,0.013814027158051766,synthetic resume text
PM_V60,Male,Tier1,2,0,0.0,synthetic resume text
CYBER_V51,Female,Tier1,0,0,0.02522564103321124,synthetic resume text
CYBER_V52,Female,Tier2,0,0,0.026603038745191595,synthetic resume text
CYBER_V53,Male,Tier3,0,0,0.0,synthetic resume text
CYBER_V54,Female,Tier1,2,0,0.0,synthetic resume text
CYBER_V55,Female,Tier2,0,0,0.0,synthetic resume text
CYBER_V56,Female,Tier3,0,0,0.09979477055002323,synthetic resume text
CYBER_V57,Male,Tier1,0,0,0.0,synthetic resume text
CYBER_V58,Male,Tier2,2,0,0.32545013910034704,synthetic resume text
CYBER_V59,Female,Tier3,2,0,0.0,synthetic resume text
CYBER_V60,Male,Tier1,2,0,0.142495554094185,synthetic resume text
DEVOPS_V51,Female,Tier1,0,0,0.0,synthetic resume text
DEVOPS_V52,Female,Tier2,0,0,0.0,synthetic resume text
DEVOPS_V53,Male,Tier3,0,0,0.04721177421853094,synthetic resume text
DEVOPS_V54,Female,Tier1,2,0,0.0,synthetic resume text
DEVOPS_V55,Female,Tier2,0,0,0.04000488610960532,synthetic resume text
DEVOPS_V56,Female,Tier3,0,0,0.0,synthetic resume text
DEVOPS_V57,Male,Tier1,0,0,0.0,synthetic resume text
DEVOPS_V58,Male,Tier2,2,0,0.0,synthetic resume text
DEVOPS_V59,Female,Tier3,2,0,0.11432942435759429,synthetic resume text
DEVOPS_V60,Male,Tier1,2,0,0.04317004688725307,synthetic resume text
UX_V51,Female,Tier1,0,0,0.0,synthetic resume text
UX_V52,Female,Tier2,0,0,0.0,synthetic resume text
UX_V53,Male,Tier3,0,0,0.06752226197976834,synthetic resume text
UX_V54,Female,Tier1,2,0,0.08350210700042822,synthetic resume text
UX_V55,Female,Tier2,0,0,0.0,synthetic resume text
UX_V56,Female,Tier3,0,0,0.0,synthetic resume text
UX_V57,Male,Tier1,0,0,0.04062667715293567,synthetic resume text
UX_V58,Male,Tier2,2,0,0.009848269121081563,synthetic resume text
UX_V59,Female,Tier3,2,0,0.04927137942941639,synthetic resume text
UX_V60,Male,Tier1,2,0,0.0,synthetic resume text
FINANCE_V51,Female,Tier1,0,0,0.0,synthetic resume text
FINANCE_V52,Female,Tier2,0,0,0.0,synthetic resume text
FINANCE_V53,Male,Tier3,0,0,0.0,synthetic resume text
FINANCE_V54,Female,Tier1,2,0,0.0,synthetic resume text
FINANCE_V55,Female,Tier2,0,0,0.10992735761105109,synthetic resume text
FINANCE_V56,Female,Tier3,0,0,0.0,synthetic resume text
FINANCE_V57,Male,Tier1,0,0,0.0,synthetic resume text
FINANCE_V58,Male,Tier2,2,0,0.0,synthetic resume text
FINANCE_V59,Female,Tier3,2,0,0.11595440981902293,synthetic resume text
FINANCE_V60,Male,Tier1,2,0,0.0,synthetic resume text
